puntos,p_avanzar,freq_global,p_avanzar_si_3ro,casos_3ro
0,0.0,0.09463916666666666,,0
1,9.092721276618067e-05,0.11914291666666667,0.0006806460902117857,38199
2,0.05073666735837311,0.05622166666666667,0.05459948943952653,78737
3,0.5726657660180002,0.15328458333333334,0.6892466217420758,280470
4,0.9957517196032198,0.1622225,0.9987541349830305,186216
5,1.0,0.05685875,1.0,2700
6,1.0,0.1448275,1.0,13678
7,1.0,0.11918416666666666,,0
9,1.0,0.09361875,,0
