puntos,p_avanzar,freq_global,p_avanzar_si_3ro,casos_3ro
0,0.0,0.096895,,0
1,0.00017539998074039427,0.12115166666666667,0.0012545199616264483,40653
2,0.05664694339851356,0.054997083333333335,0.06108195854883159,79467
3,0.5919313351203531,0.1538875,0.7035995165612794,285455
4,0.9960162723804552,0.15803875,0.9990169190466349,179029
5,1.0,0.054577916666666663,1.0,2617
6,1.0,0.14266875,1.0,12779
7,1.0,0.11874791666666666,,0
9,1.0,0.09903541666666667,,0
