puntos,p_avanzar,freq_global,p_avanzar_si_3ro,casos_3ro
0,0.0,0.09699125,,0
1,0.00014523876215077859,0.12049125,0.0010373187779396872,40489
2,0.057308275097813055,0.05527125,0.06184557438794727,79650
3,0.5907897329054927,0.15439291666666666,0.7035264377796606,285614
4,0.9962958080674927,0.15804166666666666,0.9991503348351538,178894
5,1.0,0.05431791666666667,1.0,2638
6,1.0,0.14258208333333333,1.0,12715
7,1.0,0.11904958333333333,,0
9,1.0,0.09886208333333334,,0
