team,P_campeon_sin,P_campeon_con,delta_pp
Canada,0.00156,0.0074,0.5840000000000001
Mexico,0.01636,0.04986,3.35
United States,0.00112,0.00536,0.42400000000000004
